Postcode,Electoral division,Per cent
800,Solomon,100
810,Solomon,100
812,Solomon,100
820,Solomon,100
822,Lingiari,96.1
822,Solomon,3.9
828,Solomon,100
830,Solomon,100
832,Solomon,100
835,Lingiari,100
836,Lingiari,100
837,Lingiari,100
838,Lingiari,100
840,Lingiari,100
841,Lingiari,100
845,Lingiari,100
846,Lingiari,100
847,Lingiari,100
850,Lingiari,100
852,Lingiari,100
853,Lingiari,100
854,Lingiari,100
860,Lingiari,100
862,Lingiari,100
870,Lingiari,100
872,Grey,11.4
872,Lingiari,88.6
880,Lingiari,100
885,Lingiari,100
886,Lingiari,100
2000,Sydney,100
2006,Sydney,100
2007,Sydney,100
2008,Sydney,100
2009,Sydney,100
2010,Sydney,100
2011,Sydney,100
2015,Sydney,100
2016,Sydney,100
2017,Sydney,100
2018,Kingsford Smith,69.5
2018,Sydney,30.5
2019,Kingsford Smith,100
2020,Kingsford Smith,100
2021,Sydney,34.4
2021,Wentworth,65.6
2022,Wentworth,100
2023,Wentworth,100
2024,Wentworth,100
2025,Wentworth,100
2026,Wentworth,100
2027,Wentworth,100
2028,Wentworth,100
2029,Wentworth,100
2030,Wentworth,100
2031,Kingsford Smith,42.4
2031,Wentworth,57.6
2032,Kingsford Smith,100
2033,Kingsford Smith,100
2034,Kingsford Smith,100
2035,Kingsford Smith,100
2036,Kingsford Smith,100
2037,Sydney,100
2038,Grayndler,73.6
2038,Sydney,26.4
2039,Sydney,100
2040,Grayndler,100
2041,Sydney,100
2042,Grayndler,58
2042,Sydney,42
2043,Sydney,100
2044,Grayndler,100
2045,Lowe,100
2046,Lowe,100
2047,Lowe,100
2048,Grayndler,100
2049,Grayndler,100
2050,Grayndler,65.3
2050,Sydney,34.7
2060,North Sydney,100
2061,North Sydney,100
2062,North Sydney,100
2063,North Sydney,100
2064,North Sydney,100
2065,North Sydney,100
2066,Bradfield,7.8
2066,North Sydney,92.2
2067,Bradfield,100
2068,Bradfield,15.1
2068,North Sydney,84.9
2069,Bradfield,100
2070,Bradfield,100
2071,Bradfield,100
2072,Bradfield,100
2073,Bradfield,100
2074,Bradfield,100
2075,Bradfield,100
2076,Berowra,40
2076,Bradfield,60
2077,Berowra,100
2079,Berowra,100
2080,Berowra,100
2081,Berowra,100
2082,Berowra,100
2083,Berowra,60.9
2083,Robertson,39.1
2084,Mackellar,100
2085,Mackellar,100
2086,Mackellar,84.6
2086,Warringah,15.4
2087,Warringah,100
2088,Warringah,100
2089,North Sydney,100
2090,North Sydney,100
2092,Warringah,100
2093,Warringah,100
2094,Warringah,100
2095,Warringah,100
2096,Warringah,100
2097,Mackellar,100
2099,Mackellar,59.8
2099,Warringah,40.2
2100,Mackellar,22.6
2100,Warringah,77.4
2101,Mackellar,100
2102,Mackellar,100
2103,Mackellar,100
2104,Mackellar,100
2105,Mackellar,100
2106,Mackellar,100
2107,Mackellar,100
2108,Mackellar,100
2109,Bennelong,100
2110,North Sydney,100
2111,Bennelong,76.8
2111,North Sydney,23.2
2112,Bennelong,100
2113,Bennelong,100
2114,Bennelong,100
2115,Parramatta,100
2116,Parramatta,100
2117,Parramatta,100
2118,Bennelong,25.8
2118,Mitchell,15
2118,Parramatta,59.2
2119,Berowra,100
2120,Berowra,100
2121,Bennelong,100
2122,Bennelong,100
2123,Parramatta,100
2125,Berowra,20.3
2125,Mitchell,79.7
2126,Berowra,100
2127,Reid,100
2128,Reid,100
2129,Lowe,100
2130,Grayndler,100
2131,Grayndler,68.1
2131,Lowe,31.9
2132,Lowe,100
2133,Grayndler,10.2
2133,Lowe,42.2
2133,Watson,47.6
2134,Lowe,100
2135,Lowe,100
2136,Blaxland,47.2
2136,Lowe,52.8
2137,Lowe,100
2138,Lowe,100
2139,Lowe,100
2140,Lowe,93.3
2140,Reid,6.7
2141,Reid,100
2142,Parramatta,19.2
2142,Reid,80.8
2143,Blaxland,44.2
2143,Reid,55.8
2144,Reid,100
2145,Parramatta,59.1
2145,Prospect,32.8
2145,Reid,8.1
2146,Greenway,27.4
2146,Parramatta,72.6
2147,Greenway,100
2148,Chifley,18
2148,Greenway,80.4
2148,Prospect,1.5
2150,Parramatta,100
2151,Mitchell,39.6
2151,Parramatta,60.4
2152,Mitchell,45.6
2152,Parramatta,54.4
2153,Mitchell,77.6
2153,Parramatta,22.4
2154,Mitchell,100
2155,Greenway,8
2155,Mitchell,92
2156,Mitchell,100
2157,Berowra,100
2158,Berowra,74.4
2158,Mitchell,25.6
2159,Berowra,100
2160,Reid,100
2161,Blaxland,1.9
2161,Reid,98.1
2162,Blaxland,95.8
2162,Reid,4.2
2163,Blaxland,41.4
2163,Fowler,58.6
2164,Prospect,93.9
2164,Reid,6.1
2165,Fowler,7.1
2165,Prospect,92.9
2166,Fowler,96.1
2166,Prospect,3.9
2167,Werriwa,100
2168,Fowler,39.2
2168,Werriwa,60.8
2170,Fowler,41.8
2170,Hughes,23.6
2170,Werriwa,34.6
2171,Hughes,4.4
2171,Macarthur,29.3
2171,Prospect,1.8
2171,Werriwa,64.5
2173,Hughes,97.6
2173,Macarthur,2.4
2174,Werriwa,100
2176,Fowler,28.9
2176,Prospect,71.1
2177,Fowler,100
2190,Blaxland,100
2191,Blaxland,22.9
2191,Watson,77.1
2192,Watson,100
2193,Grayndler,74.8
2193,Watson,25.2
2194,Watson,100
2195,Blaxland,15.6
2195,Watson,84.4
2196,Banks,30.3
2196,Blaxland,51
2196,Watson,18.7
2197,Blaxland,100
2198,Blaxland,100
2199,Blaxland,100
2200,Blaxland,100
2203,Grayndler,100
2204,Grayndler,100
2205,Barton,100
2206,Watson,100
2207,Barton,59.3
2207,Watson,40.7
2208,Watson,100
2209,Banks,69.9
2209,Watson,30.1
2210,Banks,100
2211,Banks,100
2212,Banks,100
2213,Banks,100
2214,Banks,100
2216,Barton,100
2217,Barton,100
2218,Barton,93.2
2218,Watson,6.8
2219,Barton,100
2220,Barton,31.8
2220,Watson,68.2
2221,Barton,100
2222,Banks,70.5
2222,Barton,29.5
2223,Banks,72.7
2223,Barton,27.3
2224,Cook,100
2225,Hughes,100
2226,Hughes,100
2227,Cook,100
2228,Cook,100
2229,Cook,100
2230,Cook,100
2231,Cook,100
2232,Cook,50.2
2232,Hughes,49.8
2233,Hughes,100
2234,Hughes,100
2250,Dobell,36.9
2250,Robertson,63.1
2251,Robertson,100
2256,Robertson,100
2257,Robertson,100
2258,Dobell,100
2259,Charlton,6.1
2259,Dobell,64.5
2259,Shortland,29.3
2260,Dobell,55.8
2260,Robertson,44.2
2261,Dobell,100
2262,Dobell,26.2
2262,Shortland,73.8
2263,Dobell,13.6
2263,Shortland,86.4
2264,Charlton,100
2265,Charlton,100
2267,Charlton,100
2278,Charlton,100
2280,Shortland,100
2281,Shortland,100
2282,Charlton,55.9
2282,Shortland,44.1
2283,Charlton,100
2284,Charlton,100
2285,Charlton,100
2286,Charlton,100
2287,Charlton,45.8
2287,Newcastle,54.2
2289,Charlton,11.3
2289,Newcastle,85.2
2289,Shortland,3.5
2290,Charlton,17.2
2290,Newcastle,3.2
2290,Shortland,79.6
2291,Newcastle,100
2292,Newcastle,100
2293,Newcastle,100
2294,Newcastle,100
2295,Newcastle,90
2295,Paterson,10
2296,Newcastle,100
2297,Newcastle,100
2298,Newcastle,100
2299,Newcastle,100
2300,Newcastle,100
2302,Newcastle,100
2303,Newcastle,100
2304,Newcastle,100
2305,Charlton,13.1
2305,Newcastle,86.9
2306,Shortland,100
2307,Newcastle,100
2308,Newcastle,100
2311,Paterson,100
2312,Lyne,27.6
2312,Paterson,72.4
2314,Paterson,100
2315,Paterson,100
2316,Paterson,100
2317,Paterson,100
2318,Paterson,100
2319,Paterson,100
2320,Hunter,100
2321,Hunter,25.9
2321,Paterson,74.1
2322,Hunter,2
2322,Newcastle,3.7
2322,Paterson,94.3
2323,Hunter,94.9
2323,Paterson,5.1
2324,Paterson,100
2325,Hunter,100
2326,Hunter,100
2327,Hunter,100
2328,Hunter,100
2329,Gwydir,100
2330,Hunter,100
2331,Hunter,100
2333,Hunter,100
2334,Hunter,100
2335,Hunter,100
2336,Gwydir,100
2337,Gwydir,100
2338,Gwydir,100
2339,Gwydir,100
2340,Gwydir,1.1
2340,New England,98.9
2341,New England,100
2342,New England,100
2343,Gwydir,100
2344,New England,100
2345,New England,100
2346,New England,100
2347,New England,100
2350,New England,100
2351,New England,100
2352,New England,100
2353,New England,100
2354,New England,100
2355,New England,100
2356,Gwydir,100
2357,Gwydir,100
2358,New England,100
2359,New England,100
2360,New England,100
2361,New England,100
2365,New England,100
2369,New England,100
2370,New England,100
2371,New England,100
2372,New England,100
2379,Gwydir,100
2380,Gwydir,100
2381,Gwydir,100
2382,Gwydir,100
2386,Gwydir,100
2387,Gwydir,100
2388,Gwydir,100
2390,Gwydir,98.8
2390,New England,1.2
2395,Gwydir,100
2396,Gwydir,100
2397,Gwydir,100
2398,Gwydir,100
2399,Gwydir,100
2400,Gwydir,100
2401,Gwydir,100
2402,Gwydir,100
2403,New England,100
2404,New England,100
2405,Gwydir,100
2406,Gwydir,79.6
2406,Maranoa,20.4
2408,Gwydir,100
2409,Gwydir,100
2410,New England,100
2411,Gwydir,100
2415,Paterson,100
2420,Paterson,100
2421,Paterson,100
2422,Paterson,100
2423,Paterson,100
2424,Lyne,100
2425,Paterson,100
2426,Lyne,100
2427,Lyne,100
2428,Paterson,100
2429,Lyne,100
2430,Lyne,97.8
2430,Paterson,2.2
2431,Cowper,100
2439,Lyne,100
2440,Cowper,29.1
2440,Lyne,70.9
2441,Cowper,43.9
2441,Lyne,56.1
2443,Lyne,100
2444,Lyne,100
2445,Lyne,100
2446,Lyne,100
2447,Cowper,100
2448,Cowper,100
2449,Cowper,100
2450,Cowper,99.3
2450,Page,0.7
2452,Cowper,100
2453,Cowper,90.6
2453,Page,9.4
2454,Cowper,100
2455,Cowper,100
2456,Cowper,100
2460,Cowper,11.6
2460,Page,88.4
2462,Cowper,100
2463,Cowper,84.9
2463,Page,15.1
2464,Cowper,100
2465,Page,100
2466,Page,100
2469,New England,18
2469,Page,82
2470,Page,100
2471,Page,100
2472,Page,100
2473,Page,100
2474,Page,100
2475,New England,100
2476,New England,37.4
2476,Page,62.6
2477,Page,19.3
2477,Richmond,80.7
2478,Page,68.6
2478,Richmond,31.4
2479,Richmond,100
2480,Page,97.2
2480,Richmond,2.8
2481,Richmond,100
2482,Richmond,100
2483,Richmond,100
2484,Richmond,100
2485,Richmond,100
2486,Richmond,100
2487,Richmond,100
2488,Richmond,100
2489,Richmond,100
2490,Richmond,100
2500,Cunningham,100
2502,Throsby,100
2505,Throsby,100
2506,Throsby,100
2508,Cunningham,100
2515,Cunningham,100
2516,Cunningham,100
2517,Cunningham,100
2518,Cunningham,100
2519,Cunningham,100
2525,Cunningham,100
2526,Cunningham,29.8
2526,Throsby,70.2
2527,Throsby,100
2528,Throsby,100
2529,Throsby,100
2530,Throsby,100
2533,Gilmore,100
2534,Gilmore,100
2535,Gilmore,100
2536,Eden-Monaro,100
2537,Eden-Monaro,100
2538,Gilmore,100
2539,Gilmore,100
2540,Fraser,1.8
2540,Gilmore,98.2
2541,Gilmore,100
2545,Eden-Monaro,100
2546,Eden-Monaro,100
2548,Eden-Monaro,100
2549,Eden-Monaro,100
2550,Eden-Monaro,100
2551,Eden-Monaro,100
2558,Macarthur,100
2559,Macarthur,100
2560,Hume,3.2
2560,Macarthur,92.3
2560,Werriwa,4.5
2563,Macarthur,100
2564,Werriwa,100
2565,Werriwa,100
2566,Werriwa,100
2567,Macarthur,100
2568,Hume,100
2569,Hume,100
2570,Hume,33.7
2570,Macarthur,66.3
2571,Hume,100
2572,Hume,100
2573,Hume,100
2574,Hume,100
2575,Hume,100
2576,Hume,100
2577,Gilmore,85.5
2577,Hume,14.5
2578,Gilmore,100
2579,Gilmore,46.7
2579,Hume,53.3
2580,Hume,100
2581,Hume,100
2582,Hume,100
2583,Calare,9.1
2583,Hume,90.9
2584,Hume,100
2585,Hume,100
2586,Hume,100
2587,Hume,100
2588,Riverina,100
2590,Riverina,100
2594,Hume,100
2600,Canberra,47.3
2600,Fraser,52.7
2601,Fraser,100
2602,Fraser,100
2603,Canberra,56.9
2603,Fraser,43.1
2604,Fraser,100
2605,Canberra,100
2606,Canberra,100
2607,Canberra,100
2609,Canberra,75.8
2609,Fraser,24.2
2611,Canberra,100
2612,Fraser,100
2614,Fraser,100
2615,Fraser,100
2617,Fraser,100
2618,Eden-Monaro,64.9
2618,Fraser,35.1
2619,Eden-Monaro,100
2620,Canberra,2.1
2620,Eden-Monaro,95.1
2620,Fraser,0.7
2620,Hume,2.1
2621,Eden-Monaro,100
2622,Eden-Monaro,100
2623,Eden-Monaro,100
2624,Eden-Monaro,100
2625,Eden-Monaro,100
2626,Eden-Monaro,100
2627,Eden-Monaro,100
2628,Eden-Monaro,100
2630,Eden-Monaro,98.5
2630,Farrer,1.5
2631,Eden-Monaro,100
2632,Eden-Monaro,100
2633,Eden-Monaro,100
2640,Farrer,100
2641,Farrer,100
2642,Farrer,100
2643,Farrer,100
2644,Farrer,100
2645,Farrer,100
2646,Farrer,100
2647,Farrer,100
2648,Farrer,100
2649,Farrer,100
2650,Riverina,100
2651,Riverina,100
2652,Farrer,11.6
2652,Riverina,88.4
2653,Farrer,100
2655,Farrer,100
2656,Farrer,100
2658,Farrer,100
2659,Farrer,100
2660,Farrer,100
2661,Riverina,100
2663,Riverina,100
2665,Parkes,20.4
2665,Riverina,79.6
2666,Riverina,100
2668,Parkes,100
2669,Parkes,89.8
2669,Riverina,10.2
2671,Parkes,100
2672,Parkes,100
2675,Parkes,100
2680,Riverina,100
2681,Riverina,100
2700,Farrer,1.9
2700,Riverina,98.1
2701,Riverina,100
2702,Riverina,100
2703,Riverina,100
2705,Riverina,100
2706,Riverina,100
2707,Riverina,100
2710,Farrer,100
2711,Farrer,3.3
2711,Riverina,96.7
2712,Farrer,100
2713,Farrer,100
2714,Farrer,100
2715,Farrer,100
2716,Farrer,100
2717,Farrer,100
2720,Farrer,100
2721,Parkes,100
2722,Riverina,100
2725,Riverina,100
2726,Hume,100
2727,Riverina,100
2729,Farrer,90.2
2729,Riverina,9.8
2730,Farrer,100
2731,Farrer,100
2732,Farrer,100
2733,Farrer,100
2734,Farrer,100
2735,Farrer,100
2736,Farrer,100
2737,Farrer,100
2738,Farrer,100
2739,Farrer,100
2745,Hume,1.6
2745,Lindsay,91.7
2745,Macarthur,6.7
2747,Lindsay,100
2748,Lindsay,100
2749,Lindsay,100
2750,Lindsay,100
2752,Hume,100
2753,Lindsay,22.6
2753,Macquarie,77.4
2754,Macquarie,100
2755,Macquarie,100
2756,Berowra,5.9
2756,Macquarie,94.1
2757,Macquarie,100
2758,Macquarie,100
2759,Lindsay,1.2
2759,Prospect,98.8
2760,Chifley,100
2761,Chifley,87.2
2761,Greenway,12.8
2762,Greenway,100
2763,Greenway,100
2764,Greenway,100
2765,Chifley,3.2
2765,Greenway,47
2765,Lindsay,8
2765,Macquarie,27.7
2765,Mitchell,14.1
2766,Chifley,100
2767,Chifley,100
2768,Greenway,100
2770,Chifley,100
2773,Lindsay,100
2774,Lindsay,12.1
2774,Macquarie,87.9
2775,Berowra,21.6
2775,Macquarie,55.4
2775,Robertson,23
2776,Macquarie,100
2777,Macquarie,100
2778,Macquarie,100
2779,Macquarie,100
2780,Macquarie,100
2782,Macquarie,100
2783,Macquarie,100
2784,Macquarie,100
2785,Macquarie,100
2786,Macquarie,100
2787,Calare,93.7
2787,Hume,6.3
2790,Calare,100
2791,Calare,100
2792,Calare,100
2793,Calare,100
2794,Calare,98.4
2794,Hume,1.6
2795,Calare,99.5
2795,Gwydir,0.5
2797,Calare,100
2798,Calare,100
2799,Calare,100
2800,Calare,100
2803,Hume,100
2804,Calare,100
2805,Calare,100
2806,Calare,89.1
2806,Parkes,10.9
2807,Hume,100
2808,Calare,63.5
2808,Hume,36.5
2809,Parkes,100
2810,Hume,6.4
2810,Parkes,93.6
2820,Gwydir,100
2821,Parkes,100
2823,Parkes,100
2824,Gwydir,16.1
2824,Parkes,83.9
2825,Parkes,100
2827,Gwydir,100
2828,Gwydir,100
2829,Gwydir,100
2830,Gwydir,3.6
2830,Parkes,96.4
2831,Gwydir,54.3
2831,Parkes,45.7
2832,Gwydir,100
2833,Gwydir,100
2834,Gwydir,100
2835,Parkes,100
2836,Parkes,100
2839,Gwydir,100
2840,Gwydir,98.4
2840,Parkes,1.6
2842,Gwydir,100
2843,Gwydir,100
2844,Gwydir,100
2845,Calare,100
2846,Calare,100
2847,Calare,100
2848,Gwydir,100
2849,Gwydir,100
2850,Gwydir,98.7
2850,Hunter,1.3
2852,Gwydir,100
2864,Calare,100
2865,Calare,100
2866,Calare,94.9
2866,Gwydir,5.1
2867,Calare,100
2868,Calare,65.9
2868,Gwydir,34.1
2869,Parkes,100
2870,Parkes,100
2871,Parkes,100
2873,Parkes,100
2874,Parkes,100
2875,Parkes,100
2876,Parkes,100
2877,Parkes,100
2878,Parkes,100
2879,Parkes,100
2880,Parkes,100
2898,Sydney,100
2900,Canberra,100
2902,Canberra,100
2903,Canberra,100
2904,Canberra,100
2905,Canberra,100
2906,Canberra,100
2911,Fraser,100
2912,Fraser,100
2913,Fraser,100
2914,Fraser,100
3000,Melbourne,100
3002,Melbourne,100
3003,Melbourne,100
3004,Melbourne Ports,100
3005,Melbourne,100
3006,Melbourne Ports,100
3008,Melbourne,100
3010,Melbourne,100
3011,Gellibrand,100
3012,Gellibrand,100
3013,Gellibrand,100
3015,Gellibrand,100
3016,Gellibrand,100
3018,Gellibrand,100
3019,Gellibrand,100
3020,Gorton,28.8
3020,Maribyrnong,71.2
3021,Gorton,53.1
3021,Maribyrnong,46.9
3022,Gorton,100
3023,Gorton,100
3024,Lalor,100
3025,Gellibrand,100
3027,Lalor,100
3028,Gellibrand,80
3028,Lalor,20
3029,Lalor,100
3030,Lalor,100
3031,Melbourne,100
3032,Gellibrand,13.8
3032,Maribyrnong,10.7
3032,Melbourne,75.5
3033,Maribyrnong,100
3034,Maribyrnong,100
3036,Gorton,100
3037,Gorton,100
3038,Gorton,100
3039,Maribyrnong,100
3040,Maribyrnong,100
3041,Maribyrnong,19.4
3041,Wills,80.6
3042,Maribyrnong,100
3043,Calwell,96.9
3043,Wills,3.1
3044,Wills,100
3045,Calwell,100
3046,Wills,100
3047,Calwell,100
3048,Calwell,100
3049,Calwell,100
3050,Melbourne,100
3051,Melbourne,100
3052,Melbourne,100
3053,Melbourne,100
3054,Melbourne,100
3055,Wills,100
3056,Melbourne,13.7
3056,Wills,86.3
3057,Melbourne,24.9
3057,Wills,75.1
3058,Wills,100
3059,Calwell,100
3060,Wills,100
3061,Calwell,100
3063,Calwell,100
3064,Calwell,100
3065,Melbourne,100
3066,Melbourne,100
3067,Melbourne,100
3068,Melbourne,100
3070,Batman,100
3071,Batman,100
3072,Batman,100
3073,Batman,100
3074,Scullin,100
3075,Scullin,100
3076,McEwen,5.2
3076,Scullin,94.8
3078,Batman,75.9
3078,Melbourne,24.1
3079,Jagajaga,100
3081,Jagajaga,100
3082,Scullin,100
3083,Batman,27
3083,Jagajaga,15.1
3083,Scullin,57.9
3084,Jagajaga,100
3085,Jagajaga,100
3086,Batman,100
3087,Jagajaga,56.3
3087,Scullin,43.7
3088,Jagajaga,73.4
3088,Scullin,26.6
3089,Jagajaga,3.8
3089,McEwen,85.4
3089,Scullin,10.9
3090,Scullin,100
3091,McEwen,100
3093,Jagajaga,100
3094,Jagajaga,100
3095,Jagajaga,83.2
3095,McEwen,16.8
3096,McEwen,100
3097,McEwen,100
3099,McEwen,100
3101,Kooyong,100
3102,Kooyong,100
3103,Kooyong,100
3104,Chisholm,0.5
3104,Kooyong,99.5
3105,Menzies,100
3106,Menzies,100
3107,Menzies,100
3108,Menzies,100
3109,Menzies,100
3111,Menzies,100
3113,Jagajaga,32.3
3113,Menzies,67.7
3114,Menzies,100
3115,Casey,9.6
3115,Menzies,90.4
3116,Casey,100
3121,Melbourne,100
3122,Kooyong,100
3123,Kooyong,100
3124,Higgins,46.3
3124,Kooyong,53.7
3125,Chisholm,60
3125,Higgins,20
3125,Kooyong,20
3126,Kooyong,100
3127,Chisholm,52.9
3127,Kooyong,47.1
3128,Chisholm,100
3129,Chisholm,95.4
3129,Kooyong,4.6
3130,Deakin,100
3131,Aston,14.3
3131,Deakin,84.3
3131,Menzies,1.4
3132,Deakin,92.3
3132,Menzies,7.7
3133,Aston,87.1
3133,Deakin,12.9
3134,Deakin,59.8
3134,Menzies,40.2
3135,Casey,2.9
3135,Deakin,97.1
3136,Casey,77.3
3136,Deakin,22.7
3137,Casey,100
3138,Casey,100
3139,Casey,45.7
3139,McEwen,54.3
3140,Casey,100
3141,Higgins,73.9
3141,Melbourne Ports,26.1
3142,Higgins,100
3143,Higgins,100
3144,Higgins,100
3145,Higgins,95.9
3145,Melbourne Ports,4.1
3146,Higgins,97.1
3146,Kooyong,2.9
3147,Chisholm,45.2
3147,Higgins,54.8
3148,Chisholm,55.5
3148,Higgins,44.5
3149,Chisholm,100
3150,Bruce,78.8
3150,Chisholm,21.2
3151,Deakin,100
3152,Aston,100
3153,Aston,44.7
3153,Casey,19.8
3153,Deakin,28.4
3153,La Trobe,7.2
3154,La Trobe,100
3155,Aston,13.3
3155,La Trobe,86.7
3156,Aston,51.5
3156,Holt,1.6
3156,La Trobe,46.9
3158,La Trobe,100
3159,La Trobe,100
3160,La Trobe,100
3161,Melbourne Ports,100
3162,Goldstein,29.4
3162,Melbourne Ports,70.6
3163,Goldstein,39.5
3163,Higgins,19.9
3163,Hotham,36.9
3163,Melbourne Ports,3.7
3165,Hotham,100
3166,Chisholm,44.7
3166,Higgins,13.9
3166,Hotham,41.5
3167,Hotham,100
3168,Bruce,9.7
3168,Chisholm,76.5
3168,Hotham,13.8
3169,Chisholm,3.2
3169,Hotham,96.8
3170,Bruce,100
3171,Bruce,43.6
3171,Hotham,56.4
3172,Hotham,78.5
3172,Isaacs,21.5
3173,Isaacs,100
3174,Bruce,53.3
3174,Hotham,9.3
3174,Isaacs,37.3
3175,Bruce,86.4
3175,Isaacs,13.6
3177,Holt,100
3178,Aston,100
3179,Aston,100
3180,Aston,100
3181,Higgins,90.9
3181,Melbourne Ports,9.1
3182,Melbourne Ports,100
3183,Melbourne Ports,100
3184,Melbourne Ports,100
3185,Melbourne Ports,100
3186,Goldstein,100
3187,Goldstein,100
3188,Goldstein,100
3189,Goldstein,62.1
3189,Hotham,37.9
3190,Goldstein,70.5
3190,Hotham,29.5
3191,Goldstein,100
3192,Goldstein,14.3
3192,Hotham,62.9
3192,Isaacs,22.8
3193,Goldstein,100
3194,Hotham,9.8
3194,Isaacs,90.2
3195,Isaacs,100
3196,Isaacs,100
3197,Isaacs,100
3198,Dunkley,100
3199,Dunkley,100
3200,Dunkley,100
3201,Isaacs,100
3202,Hotham,100
3204,Goldstein,100
3205,Melbourne Ports,100
3206,Melbourne Ports,100
3207,Melbourne Ports,100
3211,Corio,49.5
3211,Lalor,50.5
3212,Corio,100
3214,Corio,100
3215,Corio,100
3216,Corangamite,100
3217,Corangamite,100
3218,Corio,100
3219,Corio,100
3220,Corio,100
3221,Corangamite,47.8
3221,Corio,52.2
3222,Corangamite,18.3
3222,Corio,81.7
3223,Corangamite,100
3224,Corio,100
3225,Corangamite,100
3226,Corangamite,100
3227,Corangamite,100
3228,Corangamite,100
3230,Corangamite,100
3231,Corangamite,100
3232,Corangamite,100
3233,Corangamite,100
3235,Corangamite,100
3236,Corangamite,100
3237,Corangamite,100
3238,Corangamite,100
3239,Corangamite,100
3240,Corangamite,100
3241,Corangamite,100
3242,Corangamite,100
3243,Corangamite,100
3249,Corangamite,100
3250,Corangamite,100
3251,Corangamite,100
3254,Corangamite,100
3260,Wannon,100
3264,Wannon,100
3265,Wannon,100
3266,Wannon,100
3267,Wannon,100
3268,Wannon,100
3269,Wannon,100
3270,Wannon,100
3271,Wannon,100
3272,Wannon,100
3273,Wannon,100
3274,Wannon,100
3275,Wannon,100
3276,Wannon,100
3277,Wannon,100
3278,Wannon,100
3279,Wannon,100
3280,Wannon,100
3281,Wannon,100
3282,Wannon,100
3283,Wannon,100
3284,Wannon,100
3285,Wannon,100
3286,Wannon,100
3287,Wannon,100
3289,Wannon,100
3292,Wannon,100
3293,Wannon,100
3294,Wannon,100
3300,Wannon,100
3301,Wannon,100
3302,Wannon,100
3303,Wannon,100
3304,Wannon,100
3305,Wannon,100
3309,Wannon,100
3310,Wannon,100
3311,Mallee,6.6
3311,Wannon,93.4
3312,Mallee,19.2
3312,Wannon,80.8
3314,Wannon,100
3315,Wannon,100
3317,Mallee,100
3318,Mallee,100
3319,Mallee,100
3321,Corangamite,100
3322,Corangamite,100
3323,Wannon,100
3324,Wannon,100
3325,Wannon,100
3328,Corangamite,100
3329,Corangamite,100
3330,Corangamite,100
3331,Corangamite,100
3332,Corangamite,100
3333,Corangamite,100
3334,Ballarat,100
3335,Gorton,78.3
3335,Lalor,21.7
3337,Lalor,100
3338,Lalor,100
3340,Ballarat,98.4
3340,Corio,1.6
3341,Ballarat,100
3342,Ballarat,100
3345,Ballarat,100
3350,Ballarat,100
3351,Ballarat,50.6
3351,Corangamite,24.3
3351,Wannon,25.1
3352,Ballarat,90.6
3352,Corangamite,5.3
3352,Wannon,4.1
3355,Ballarat,100
3356,Ballarat,100
3357,Ballarat,100
3360,Corangamite,100
3361,Wannon,100
3363,Ballarat,100
3364,Ballarat,91.8
3364,Bendigo,8.2
3370,Ballarat,100
3371,Bendigo,76.3
3371,Wannon,23.7
3373,Wannon,100
3375,Wannon,100
3377,Wannon,100
3378,Wannon,100
3379,Wannon,100
3380,Wannon,100
3381,Mallee,10.3
3381,Wannon,89.7
3384,Wannon,100
3385,Wannon,100
3387,Wannon,100
3388,Mallee,100
3390,Mallee,100
3391,Mallee,100
3392,Mallee,100
3393,Mallee,100
3395,Mallee,100
3396,Mallee,100
3399,Mallee,100
3400,Mallee,100
3401,Mallee,100
3407,Wannon,100
3409,Mallee,100
3412,Mallee,100
3413,Mallee,100
3414,Mallee,100
3415,Mallee,100
3418,Mallee,100
3419,Mallee,100
3420,Mallee,100
3422,Mallee,100
3423,Mallee,100
3424,Mallee,100
3427,Calwell,25.1
3427,Lalor,74.9
3428,Calwell,100
3429,Calwell,100
3430,McEwen,100
3431,McEwen,100
3432,McEwen,100
3433,McEwen,100
3434,McEwen,100
3435,McEwen,100
3437,McEwen,100
3438,McEwen,100
3440,McEwen,100
3441,McEwen,100
3442,McEwen,100
3444,Bendigo,96.5
3444,McEwen,3.5
3446,Bendigo,100
3447,Bendigo,100
3448,Bendigo,100
3450,Bendigo,100
3451,Bendigo,100
3453,Bendigo,100
3458,Ballarat,100
3460,Ballarat,100
3461,Ballarat,100
3462,Bendigo,100
3463,Bendigo,100
3464,Bendigo,100
3465,Bendigo,97.7
3465,Wannon,2.3
3467,Wannon,100
3468,Wannon,100
3469,Wannon,100
3472,Bendigo,100
3475,Bendigo,67.5
3475,Murray,32.5
3478,Mallee,100
3480,Mallee,100
3482,Mallee,100
3483,Mallee,100
3485,Mallee,100
3487,Mallee,100
3488,Mallee,100
3489,Mallee,100
3490,Mallee,100
3491,Mallee,100
3494,Mallee,100
3496,Mallee,100
3498,Mallee,100
3500,Farrer,4.3
3500,Mallee,95.7
3501,Mallee,100
3505,Mallee,100
3506,Mallee,100
3507,Mallee,100
3509,Mallee,100
3512,Mallee,100
3515,Bendigo,100
3516,Murray,100
3517,Murray,100
3518,Murray,100
3520,Murray,100
3521,McEwen,100
3522,McEwen,100
3523,Bendigo,100
3525,Mallee,92.1
3525,Murray,7.9
3527,Mallee,100
3529,Mallee,100
3530,Mallee,100
3531,Mallee,100
3533,Mallee,100
3537,Murray,100
3540,Mallee,100
3542,Mallee,100
3544,Mallee,100
3546,Mallee,100
3549,Mallee,100
3550,Bendigo,100
3551,Bendigo,98.7
3551,Murray,1.3
3555,Bendigo,100
3556,Bendigo,100
3557,Bendigo,100
3558,Bendigo,77.2
3558,Murray,22.8
3559,Murray,100
3561,Murray,100
3562,Murray,100
3563,Murray,100
3564,Murray,100
3565,Murray,100
3566,Murray,100
3567,Mallee,100
3568,Mallee,100
3570,Bendigo,100
3571,Murray,100
3572,Murray,100
3573,Murray,100
3575,Murray,100
3576,Murray,100
3578,Mallee,100
3579,Mallee,100
3580,Mallee,100
3581,Mallee,100
3583,Mallee,100
3584,Mallee,100
3585,Farrer,5.2
3585,Mallee,94.8
3586,Mallee,100
3588,Mallee,100
3589,Mallee,100
3590,Mallee,100
3591,Mallee,100
3594,Mallee,100
3595,Mallee,100
3596,Mallee,100
3597,Mallee,100
3599,Mallee,100
3607,Indi,100
3608,Indi,100
3610,Murray,100
3612,Murray,100
3614,Murray,100
3616,Murray,100
3617,Murray,100
3618,Murray,100
3620,Murray,100
3621,Murray,100
3622,Murray,100
3623,Murray,100
3624,Murray,100
3629,Murray,100
3630,Murray,100
3631,Murray,100
3633,Murray,100
3634,Murray,100
3635,Murray,100
3636,Murray,100
3637,Murray,100
3638,Murray,100
3639,Murray,100
3640,Murray,100
3641,Murray,100
3644,Farrer,19.5
3644,Murray,80.5
3646,Indi,27.3
3646,Murray,72.7
3647,Murray,100
3649,Murray,100
3658,McEwen,100
3659,McEwen,100
3660,McEwen,100
3662,McEwen,100
3663,Indi,100
3664,Indi,100
3665,Indi,100
3666,Indi,100
3669,Indi,90
3669,Murray,10
3670,Indi,100
3672,Indi,100
3673,Indi,100
3675,Indi,100
3677,Indi,100
3678,Indi,100
3682,Indi,100
3683,Indi,100
3685,Indi,100
3687,Indi,100
3688,Indi,100
3690,Indi,100
3691,Indi,100
3693,Indi,100
3694,Indi,100
3695,Indi,100
3697,Indi,100
3698,Indi,100
3699,Indi,100
3700,Indi,100
3701,Indi,100
3704,Indi,100
3705,Indi,100
3707,Indi,100
3708,Indi,100
3709,Indi,100
3711,McEwen,100
3712,McEwen,100
3713,McEwen,100
3714,McEwen,100
3715,Indi,100
3717,McEwen,100
3718,McEwen,100
3719,McEwen,100
3720,Indi,100
3722,Indi,96
3722,McEwen,4
3723,Indi,100
3725,Indi,100
3726,Indi,100
3727,Indi,100
3728,Indi,57
3728,Murray,43
3730,Murray,100
3732,Indi,100
3733,Indi,100
3735,Indi,100
3737,Indi,100
3738,Indi,100
3739,Indi,100
3740,Indi,100
3741,Indi,100
3744,Indi,100
3746,Indi,100
3747,Indi,100
3749,Indi,100
3750,McEwen,100
3751,McEwen,100
3752,McEwen,5
3752,Scullin,95
3753,McEwen,100
3754,McEwen,100
3755,McEwen,100
3756,McEwen,100
3757,McEwen,100
3758,McEwen,100
3759,McEwen,100
3760,McEwen,100
3761,McEwen,100
3762,McEwen,100
3763,McEwen,100
3764,McEwen,100
3765,Casey,100
3766,Casey,100
3767,La Trobe,100
3770,Casey,100
3775,McEwen,100
3777,McEwen,100
3778,McEwen,100
3779,McEwen,100
3781,La Trobe,100
3782,Casey,3.5
3782,La Trobe,96.5
3783,La Trobe,100
3786,La Trobe,100
3787,La Trobe,100
3788,Casey,49.8
3788,La Trobe,50.2
3789,Casey,100
3791,Casey,100
3792,Casey,100
3793,Casey,100
3795,Casey,100
3796,Casey,100
3797,McEwen,100
3799,McEwen,100
3800,Chisholm,100
3802,Holt,100
3803,Holt,100
3804,Holt,66
3804,La Trobe,34
3805,Holt,79.5
3805,La Trobe,20.5
3806,Holt,11.5
3806,La Trobe,88.5
3807,La Trobe,100
3808,La Trobe,100
3809,La Trobe,100
3810,La Trobe,6.7
3810,McMillan,93.3
3812,McMillan,100
3813,McMillan,100
3814,McMillan,100
3815,McMillan,100
3816,McMillan,100
3818,McMillan,100
3820,McMillan,100
3821,McMillan,100
3822,McMillan,100
3823,McMillan,100
3824,McMillan,100
3825,Gippsland,0.8
3825,McMillan,99.2
3831,McMillan,100
3833,McMillan,100
3835,McMillan,100
3840,Gippsland,100
3842,Gippsland,100
3844,Gippsland,100
3847,Gippsland,100
3850,Gippsland,100
3851,Gippsland,100
3852,Gippsland,100
3854,Gippsland,100
3856,Gippsland,100
3857,Gippsland,100
3858,Gippsland,100
3859,Gippsland,100
3860,Gippsland,100
3862,Gippsland,100
3864,Gippsland,100
3865,Gippsland,100
3869,Gippsland,100
3870,Gippsland,100
3871,McMillan,100
3873,Gippsland,100
3874,Gippsland,100
3875,Gippsland,100
3878,Gippsland,100
3880,Gippsland,100
3882,Gippsland,100
3885,Gippsland,100
3886,Gippsland,100
3887,Gippsland,100
3888,Gippsland,100
3889,Gippsland,100
3890,Gippsland,100
3891,Gippsland,100
3892,Gippsland,100
3893,Gippsland,100
3895,Gippsland,100
3896,Gippsland,100
3898,Gippsland,100
3900,Gippsland,100
3902,Gippsland,100
3903,Gippsland,100
3904,Gippsland,100
3909,Gippsland,100
3910,Dunkley,100
3911,Dunkley,37.6
3911,Flinders,62.4
3912,Flinders,100
3913,Flinders,100
3915,Flinders,100
3916,Flinders,100
3918,Flinders,100
3919,Flinders,100
3920,Flinders,100
3921,Flinders,100
3922,Flinders,100
3923,Flinders,100
3925,Flinders,100
3926,Flinders,100
3927,Flinders,100
3928,Flinders,100
3929,Flinders,100
3930,Dunkley,100
3931,Dunkley,100
3933,Flinders,100
3934,Flinders,100
3936,Flinders,100
3937,Flinders,100
3938,Flinders,100
3939,Flinders,100
3940,Flinders,100
3941,Flinders,100
3942,Flinders,100
3943,Flinders,100
3944,Flinders,100
3945,McMillan,100
3946,McMillan,100
3950,McMillan,100
3951,McMillan,100
3953,McMillan,100
3954,McMillan,100
3956,McMillan,100
3957,McMillan,100
3958,McMillan,100
3959,McMillan,100
3960,McMillan,100
3962,Gippsland,13.2
3962,McMillan,86.8
3964,McMillan,100
3965,McMillan,100
3966,McMillan,100
3967,McMillan,100
3971,Gippsland,100
3975,Holt,100
3976,Holt,100
3977,Dunkley,2.3
3977,Flinders,13.2
3977,Holt,77.5
3977,Isaacs,7
3978,Flinders,61.3
3978,La Trobe,38.7
3979,Flinders,100
3980,Flinders,100
3981,Flinders,100
3984,Flinders,100
3987,McMillan,100
3988,McMillan,100
3989,Melbourne,100
3990,Flinders,100
3991,Flinders,100
3992,Flinders,100
3995,Flinders,6.5
3995,McMillan,93.5
3996,McMillan,100
4000,Brisbane,100
4005,Brisbane,100
4006,Brisbane,100
4007,Lilley,100
4008,Lilley,100
4009,Lilley,100
4010,Lilley,100
4011,Lilley,100
4012,Lilley,100
4013,Lilley,100
4014,Lilley,100
4017,Lilley,55.9
4017,Petrie,44.1
4018,Lilley,62.6
4018,Petrie,37.4
4019,Petrie,100
4020,Petrie,100
4021,Petrie,100
4022,Petrie,100
4025,Bonner,100
4029,Brisbane,100
4030,Brisbane,42.8
4030,Lilley,57.2
4031,Lilley,100
4032,Lilley,52
4032,Petrie,48
4034,Lilley,67.8
4034,Petrie,32.2
4035,Dickson,71.5
4035,Petrie,28.5
4036,Petrie,100
4037,Dickson,100
4051,Brisbane,100
4053,Brisbane,41.7
4053,Dickson,13
4053,Lilley,4.3
4053,Petrie,40.9
4054,Brisbane,52.5
4054,Dickson,47.5
4055,Brisbane,40.8
4055,Dickson,59.2
4059,Brisbane,100
4060,Brisbane,100
4061,Ryan,100
4064,Brisbane,96.2
4064,Ryan,3.8
4065,Brisbane,73.6
4065,Ryan,26.4
4066,Ryan,100
4067,Ryan,100
4068,Moreton,13.5
4068,Ryan,86.5
4069,Ryan,100
4070,Ryan,100
4072,Ryan,100
4073,Oxley,100
4074,Ryan,100
4075,Moreton,44.8
4075,Oxley,55.2
4076,Oxley,100
4077,Oxley,100
4078,Oxley,100
4101,Griffith,100
4102,Griffith,100
4103,Griffith,88
4103,Moreton,12
4104,Moreton,100
4105,Moreton,100
4106,Moreton,100
4107,Moreton,100
4108,Moreton,100
4109,Moreton,100
4110,Moreton,0.1
4110,Oxley,99.9
4111,Moreton,100
4112,Moreton,3.9
4112,Rankin,96.1
4113,Bonner,13.5
4113,Moreton,86
4113,Rankin,0.4
4114,Rankin,100
4115,Moreton,100
4116,Moreton,90.4
4116,Rankin,9.6
4117,Rankin,100
4118,Oxley,9.3
4118,Rankin,90.7
4119,Rankin,100
4120,Griffith,100
4121,Bonner,16.5
4121,Griffith,51.7
4121,Moreton,31.8
4122,Bonner,96.1
4122,Griffith,3.9
4123,Bonner,7.7
4123,Rankin,92.3
4124,Forde,31.4
4124,Rankin,68.6
4125,Forde,71.8
4125,Rankin,28.2
4127,Rankin,100
4128,Rankin,100
4129,Forde,77.3
4129,Rankin,22.7
4130,Bowman,100
4131,Forde,100
4132,Rankin,100
4133,Forde,100
4151,Griffith,100
4152,Bonner,41.3
4152,Griffith,58.7
4153,Bonner,100
4154,Bonner,100
4155,Bonner,100
4156,Bonner,100
4157,Bonner,1.8
4157,Bowman,98.2
4158,Bowman,100
4159,Bowman,100
4160,Bowman,100
4161,Bowman,100
4163,Bowman,100
4164,Bowman,100
4165,Bowman,100
4169,Griffith,100
4170,Bonner,1.1
4170,Griffith,98.9
4171,Griffith,100
4172,Bonner,80.5
4172,Griffith,19.5
4173,Bonner,100
4174,Bonner,100
4178,Bonner,100
4179,Bonner,100
4183,Bowman,100
4184,Bowman,100
4205,Forde,100
4207,Fadden,3.5
4207,Forde,96.5
4208,Fadden,40.9
4208,Forde,59.1
4209,Fadden,82
4209,Forde,18
4210,Fadden,72.7
4210,Forde,27.3
4211,Fadden,21.5
4211,Forde,5.3
4211,Moncrieff,73.2
4212,Fadden,100
4213,McPherson,69.1
4213,Moncrieff,30.9
4214,Fadden,64.4
4214,Moncrieff,35.6
4215,Fadden,63.1
4215,Moncrieff,36.9
4216,Fadden,100
4217,Moncrieff,100
4218,Moncrieff,100
4219,McPherson,100
4220,McPherson,63.6
4220,Moncrieff,36.4
4221,McPherson,100
4223,McPherson,100
4224,McPherson,100
4225,McPherson,100
4226,McPherson,92.6
4226,Moncrieff,7.4
4227,McPherson,100
4228,McPherson,100
4229,McPherson,100
4230,McPherson,100
4270,Forde,100
4271,Forde,100
4272,Forde,100
4275,Forde,100
4280,Forde,100
4285,Forde,100
4287,Forde,100
4300,Blair,1.2
4300,Oxley,98.8
4301,Oxley,100
4303,Oxley,100
4304,Oxley,100
4305,Blair,85.2
4305,Oxley,14.8
4306,Blair,80.4
4306,Ryan,19.6
4307,Blair,53.8
4307,Forde,46.3
4309,Forde,100
4310,Forde,100
4311,Blair,100
4312,Blair,100
4313,Blair,100
4340,Blair,81.5
4340,Forde,18.5
4341,Blair,100
4342,Blair,100
4343,Blair,100
4344,Blair,100
4345,Blair,100
4346,Blair,100
4347,Blair,100
4350,Groom,100
4352,Blair,22.9
4352,Groom,67.4
4352,Maranoa,9.7
4353,Blair,100
4354,Groom,100
4355,Blair,87.8
4355,Groom,12.2
4356,Groom,100
4357,Maranoa,100
4358,Groom,100
4359,Groom,100
4360,Groom,100
4361,Groom,85.6
4361,Maranoa,14.4
4362,Maranoa,100
4363,Groom,100
4364,Groom,100
4365,Maranoa,100
4370,Maranoa,100
4371,Maranoa,100
4372,Maranoa,100
4373,Maranoa,100
4374,Maranoa,100
4375,Maranoa,100
4376,Maranoa,100
4377,Maranoa,100
4378,Maranoa,100
4380,Maranoa,100
4381,Maranoa,100
4382,Maranoa,100
4383,Maranoa,100
4384,Maranoa,100
4385,Maranoa,100
4387,Maranoa,100
4388,Maranoa,100
4390,Maranoa,100
4400,Groom,100
4401,Groom,100
4402,Blair,68.8
4402,Groom,31.2
4403,Groom,100
4404,Groom,100
4405,Groom,1.6
4405,Maranoa,98.4
4406,Maranoa,100
4407,Maranoa,100
4408,Maranoa,100
4410,Maranoa,100
4411,Maranoa,100
4412,Maranoa,100
4413,Hinkler,1.5
4413,Maranoa,98.5
4415,Maranoa,100
4416,Maranoa,100
4417,Maranoa,100
4418,Maranoa,100
4419,Maranoa,100
4420,Maranoa,100
4421,Maranoa,100
4422,Maranoa,100
4423,Maranoa,100
4424,Maranoa,100
4425,Maranoa,100
4426,Maranoa,100
4427,Maranoa,100
4428,Maranoa,100
4454,Maranoa,100
4455,Maranoa,100
4461,Maranoa,100
4462,Maranoa,100
4465,Maranoa,100
4467,Maranoa,100
4468,Maranoa,100
4470,Maranoa,100
4471,Maranoa,100
4472,Maranoa,100
4474,Maranoa,100
4475,Maranoa,100
4477,Maranoa,100
4478,Maranoa,100
4479,Maranoa,100
4480,Maranoa,100
4481,Maranoa,100
4482,Maranoa,100
4486,Maranoa,100
4487,Maranoa,100
4488,Maranoa,100
4489,Maranoa,100
4490,Maranoa,100
4491,Maranoa,100
4492,Maranoa,100
4493,Maranoa,100
4494,Maranoa,100
4496,Maranoa,100
4497,Maranoa,100
4498,Maranoa,100
4500,Dickson,100
4501,Dickson,100
4502,Dickson,100
4503,Dickson,97.5
4503,Petrie,2.5
4504,Longman,100
4505,Longman,100
4506,Longman,100
4507,Longman,100
4508,Longman,71.2
4508,Petrie,28.8
4509,Petrie,100
4510,Longman,100
4511,Longman,100
4512,Longman,100
4514,Longman,100
4515,Blair,100
4516,Longman,100
4517,Longman,100
4518,Longman,100
4519,Fisher,11.3
4519,Longman,88.7
4520,Dickson,100
4521,Blair,12.1
4521,Dickson,79.5
4521,Longman,8.3
4550,Fisher,14
4550,Longman,86
4551,Fisher,99.4
4551,Longman,0.6
4552,Fisher,100
4553,Fisher,89.9
4553,Longman,10.1
4554,Fisher,100
4555,Fairfax,69.5
4555,Fisher,30.5
4556,Fisher,100
4557,Fisher,100
4558,Fairfax,65.8
4558,Fisher,34.2
4559,Fairfax,100
4560,Fairfax,98.3
4560,Fisher,1.7
4561,Fairfax,100
4562,Fairfax,100
4563,Fairfax,100
4564,Fairfax,100
4565,Fairfax,100
4566,Fairfax,100
4567,Fairfax,100
4568,Fairfax,100
4569,Fairfax,100
4570,Wide Bay,100
4571,Fairfax,100
4572,Fisher,100
4573,Fairfax,100
4574,Fairfax,100
4575,Fisher,100
4580,Wide Bay,100
4581,Wide Bay,100
4600,Wide Bay,100
4601,Wide Bay,100
4605,Wide Bay,100
4606,Wide Bay,100
4608,Wide Bay,100
4610,Blair,98.6
4610,Maranoa,1.4
4611,Wide Bay,100
4612,Wide Bay,100
4613,Wide Bay,100
4614,Blair,100
4615,Blair,100
4620,Wide Bay,100
4621,Wide Bay,100
4625,Hinkler,100
4626,Hinkler,100
4627,Hinkler,100
4630,Hinkler,100
4650,Wide Bay,100
4655,Wide Bay,100
4659,Wide Bay,100
4660,Hinkler,100
4662,Wide Bay,100
4670,Hinkler,100
4671,Hinkler,100
4673,Hinkler,100
4674,Hinkler,100
4676,Hinkler,100
4677,Hinkler,100
4678,Hinkler,100
4680,Hinkler,100
4694,Hinkler,100
4695,Hinkler,100
4697,Hinkler,100
4699,Capricornia,100
4700,Capricornia,100
4701,Capricornia,100
4702,Capricornia,79.8
4702,Maranoa,20.2
4703,Capricornia,100
4704,Capricornia,100
4705,Capricornia,100
4706,Capricornia,100
4707,Capricornia,100
4709,Maranoa,100
4710,Capricornia,100
4712,Capricornia,100
4713,Capricornia,100
4714,Capricornia,100
4715,Capricornia,100
4716,Capricornia,100
4717,Capricornia,100
4718,Capricornia,100
4719,Capricornia,100
4720,Maranoa,100
4721,Capricornia,100
4722,Maranoa,100
4723,Maranoa,100
4724,Maranoa,100
4725,Maranoa,100
4726,Maranoa,100
4727,Maranoa,100
4728,Maranoa,100
4730,Maranoa,100
4731,Maranoa,100
4732,Maranoa,100
4733,Maranoa,100
4735,Maranoa,100
4736,Maranoa,100
4737,Dawson,100
4738,Dawson,100
4739,Dawson,100
4740,Dawson,100
4741,Capricornia,1.3
4741,Dawson,98.7
4742,Capricornia,100
4743,Capricornia,100
4744,Capricornia,100
4745,Capricornia,100
4746,Capricornia,100
4750,Dawson,100
4751,Dawson,100
4753,Dawson,100
4754,Dawson,100
4756,Dawson,100
4757,Dawson,100
4798,Dawson,100
4799,Dawson,100
4800,Dawson,100
4801,Dawson,100
4802,Dawson,100
4803,Dawson,100
4804,Capricornia,91.9
4804,Dawson,8.1
4805,Dawson,100
4806,Dawson,100
4807,Dawson,100
4808,Dawson,100
4809,Dawson,100
4810,Herbert,100
4811,Herbert,100
4812,Herbert,100
4813,Herbert,100
4814,Herbert,100
4815,Herbert,98.5
4815,Kennedy,1.5
4816,Herbert,48.4
4816,Kennedy,51.6
4817,Herbert,88.5
4817,Kennedy,11.5
4818,Herbert,3
4818,Kennedy,97
4819,Herbert,100
4820,Kennedy,100
4821,Kennedy,100
4822,Kennedy,100
4823,Kennedy,100
4824,Kennedy,100
4825,Kennedy,97.3
4825,Lingiari,2.2
4825,Maranoa,0.5
4828,Kennedy,100
4829,Kennedy,95
4829,Maranoa,5
4830,Kennedy,100
4849,Kennedy,100
4850,Kennedy,100
4852,Kennedy,100
4854,Kennedy,100
4855,Kennedy,100
4856,Kennedy,100
4857,Kennedy,100
4858,Kennedy,100
4859,Kennedy,100
4860,Kennedy,100
4861,Kennedy,100
4865,Kennedy,100
4868,Leichhardt,100
4869,Kennedy,0.2
4869,Leichhardt,99.8
4870,Leichhardt,100
4871,Kennedy,25
4871,Leichhardt,75
4872,Kennedy,77.5
4872,Leichhardt,22.5
4873,Leichhardt,100
4874,Leichhardt,100
4875,Leichhardt,100
4876,Leichhardt,100
4878,Leichhardt,100
4879,Leichhardt,100
4880,Kennedy,100
4882,Kennedy,100
4883,Kennedy,100
4885,Kennedy,100
4886,Kennedy,100
4890,Kennedy,100
4891,Kennedy,100
5000,Adelaide,100
5006,Adelaide,100
5007,Adelaide,54.9
5007,Hindmarsh,21.2
5007,Port Adelaide,23.8
5008,Adelaide,58.4
5008,Port Adelaide,41.6
5009,Hindmarsh,18
5009,Port Adelaide,82
5010,Port Adelaide,100
5011,Port Adelaide,100
5012,Port Adelaide,100
5013,Port Adelaide,100
5014,Port Adelaide,100
5015,Port Adelaide,100
5016,Port Adelaide,100
5017,Port Adelaide,100
5018,Port Adelaide,100
5019,Hindmarsh,48.4
5019,Port Adelaide,51.6
5020,Hindmarsh,100
5021,Hindmarsh,100
5022,Hindmarsh,100
5023,Hindmarsh,2.7
5023,Port Adelaide,97.3
5024,Hindmarsh,100
5025,Hindmarsh,100
5031,Adelaide,38.8
5031,Hindmarsh,61.2
5032,Hindmarsh,100
5033,Hindmarsh,100
5034,Adelaide,100
5035,Adelaide,100
5037,Hindmarsh,100
5038,Hindmarsh,100
5039,Boothby,73.7
5039,Hindmarsh,26.3
5040,Hindmarsh,100
5041,Boothby,100
5042,Boothby,100
5043,Boothby,54.9
5043,Hindmarsh,45.1
5044,Boothby,19.1
5044,Hindmarsh,80.9
5045,Hindmarsh,100
5046,Boothby,100
5047,Boothby,100
5048,Boothby,100
5049,Boothby,100
5050,Boothby,100
5051,Boothby,86.1
5051,Mayo,13.9
5052,Boothby,100
5061,Adelaide,100
5062,Boothby,100
5063,Adelaide,73.3
5063,Boothby,20
5063,Sturt,6.7
5064,Boothby,40
5064,Sturt,60
5065,Adelaide,41.5
5065,Sturt,58.5
5066,Sturt,100
5067,Adelaide,83.5
5067,Sturt,16.5
5068,Sturt,100
5069,Adelaide,100
5070,Adelaide,22.4
5070,Sturt,77.6
5072,Mayo,12.9
5072,Sturt,87.1
5073,Mayo,2.4
5073,Sturt,97.6
5074,Sturt,100
5075,Sturt,100
5076,Sturt,100
5081,Adelaide,75.3
5081,Sturt,24.7
5082,Adelaide,100
5083,Adelaide,100
5084,Adelaide,100
5085,Adelaide,83.9
5085,Makin,16.1
5086,Adelaide,31.6
5086,Sturt,68.4
5087,Sturt,100
5088,Makin,36.1
5088,Sturt,63.9
5089,Sturt,100
5090,Makin,45.5
5090,Sturt,54.5
5091,Makin,100
5092,Makin,100
5093,Makin,100
5094,Makin,73.4
5094,Port Adelaide,26.6
5095,Makin,88
5095,Port Adelaide,12
5096,Makin,100
5097,Makin,100
5098,Makin,100
5106,Port Adelaide,100
5107,Port Adelaide,100
5108,Port Adelaide,65.6
5108,Wakefield,34.4
5109,Makin,70.5
5109,Wakefield,29.5
5110,Port Adelaide,88.6
5110,Wakefield,11.4
5111,Wakefield,100
5112,Wakefield,100
5113,Wakefield,100
5114,Wakefield,100
5115,Wakefield,100
5116,Wakefield,100
5117,Wakefield,100
5118,Barker,3
5118,Wakefield,97
5120,Wakefield,100
5121,Wakefield,100
5125,Makin,100
5126,Makin,100
5127,Makin,100
5131,Mayo,100
5132,Mayo,100
5133,Mayo,100
5134,Mayo,100
5136,Mayo,100
5137,Mayo,100
5138,Mayo,100
5139,Mayo,100
5140,Mayo,100
5141,Mayo,100
5142,Mayo,100
5144,Mayo,100
5150,Boothby,100
5151,Mayo,100
5152,Mayo,100
5153,Mayo,100
5154,Mayo,100
5155,Mayo,100
5156,Boothby,23.7
5156,Mayo,76.3
5157,Mayo,100
5158,Kingston,100
5159,Boothby,28.4
5159,Kingston,21.8
5159,Mayo,49.8
5161,Kingston,100
5162,Kingston,100
5163,Kingston,100
5164,Kingston,100
5165,Kingston,100
5166,Kingston,100
5167,Kingston,100
5168,Kingston,100
5169,Kingston,100
5170,Kingston,100
5171,Kingston,100
5172,Kingston,80.2
5172,Mayo,19.8
5173,Kingston,100
5174,Kingston,100
5201,Mayo,100
5202,Mayo,100
5203,Mayo,100
5204,Mayo,100
5210,Mayo,100
5211,Mayo,100
5212,Mayo,100
5213,Mayo,100
5214,Mayo,100
5220,Mayo,100
5221,Mayo,100
5222,Mayo,100
5223,Mayo,100
5231,Mayo,100
5232,Mayo,100
5233,Mayo,100
5234,Mayo,100
5235,Barker,19.2
5235,Mayo,80.8
5236,Barker,100
5237,Barker,100
5238,Barker,100
5240,Mayo,100
5241,Mayo,100
5242,Mayo,100
5243,Mayo,100
5244,Mayo,100
5245,Mayo,100
5250,Mayo,100
5251,Mayo,100
5252,Mayo,100
5253,Barker,100
5254,Barker,94.5
5254,Mayo,5.5
5255,Mayo,100
5256,Mayo,100
5259,Barker,100
5260,Barker,100
5261,Barker,100
5262,Barker,100
5263,Barker,100
5264,Barker,100
5265,Barker,100
5266,Barker,100
5267,Barker,100
5268,Barker,100
5269,Barker,100
5270,Barker,100
5271,Barker,100
5272,Barker,100
5273,Barker,100
5275,Barker,100
5276,Barker,100
5277,Barker,100
5278,Barker,100
5279,Barker,100
5280,Barker,100
5290,Barker,100
5291,Barker,100
5301,Barker,100
5302,Barker,100
5303,Barker,100
5304,Barker,100
5306,Barker,100
5307,Barker,100
5308,Barker,100
5309,Barker,100
5310,Barker,100
5311,Barker,100
5312,Barker,100
5320,Barker,100
5321,Barker,100
5322,Barker,100
5330,Barker,100
5331,Barker,100
5332,Barker,100
5333,Barker,100
5340,Barker,100
5341,Barker,100
5342,Barker,100
5343,Barker,100
5344,Barker,100
5345,Barker,100
5346,Barker,100
5350,Barker,100
5351,Barker,52.3
5351,Mayo,47.7
5352,Barker,92.1
5352,Wakefield,7.9
5353,Barker,100
5354,Barker,100
5355,Barker,91.2
5355,Wakefield,8.8
5356,Barker,100
5357,Barker,100
5360,Wakefield,100
5371,Wakefield,100
5372,Wakefield,100
5373,Wakefield,100
5374,Grey,100
5381,Grey,100
5400,Wakefield,100
5401,Wakefield,100
5410,Wakefield,100
5411,Wakefield,100
5412,Wakefield,100
5413,Wakefield,100
5414,Wakefield,100
5415,Wakefield,100
5416,Grey,100
5417,Grey,100
5418,Grey,100
5419,Grey,100
5420,Grey,100
5421,Grey,100
5422,Grey,100
5431,Grey,100
5432,Grey,100
5433,Grey,100
5434,Grey,100
5440,Grey,100
5451,Wakefield,100
5452,Wakefield,100
5453,Wakefield,100
5454,Grey,100
5455,Wakefield,100
5460,Wakefield,100
5461,Wakefield,100
5462,Grey,100
5464,Grey,100
5470,Grey,100
5471,Grey,100
5472,Grey,100
5473,Grey,100
5480,Grey,100
5481,Grey,100
5482,Grey,100
5483,Grey,100
5485,Grey,100
5490,Grey,100
5491,Grey,100
5493,Grey,100
5495,Grey,100
5501,Wakefield,100
5502,Wakefield,100
5510,Grey,100
5520,Grey,100
5521,Grey,100
5522,Grey,100
5523,Grey,100
5540,Grey,100
5550,Wakefield,100
5552,Grey,100
5554,Grey,100
5555,Grey,100
5556,Grey,100
5558,Grey,100
5560,Grey,100
5570,Grey,100
5571,Grey,100
5572,Grey,100
5573,Grey,100
5575,Grey,100
5576,Grey,100
5577,Grey,100
5580,Grey,100
5581,Grey,100
5582,Grey,100
5583,Grey,100
5600,Grey,100
5601,Grey,100
5602,Grey,100
5603,Grey,100
5604,Grey,100
5605,Grey,100
5606,Grey,100
5607,Grey,100
5608,Grey,100
5609,Grey,100
5630,Grey,100
5631,Grey,100
5632,Grey,100
5633,Grey,100
5640,Grey,100
5641,Grey,100
5642,Grey,100
5650,Grey,100
5651,Grey,100
5652,Grey,100
5653,Grey,100
5654,Grey,100
5655,Grey,100
5660,Grey,100
5661,Grey,100
5670,Grey,100
5671,Grey,100
5680,Grey,100
5690,Grey,100
5700,Grey,100
5710,Grey,100
5720,Grey,100
5722,Grey,100
5723,Grey,100
5724,Grey,100
5725,Grey,100
5730,Grey,100
5731,Grey,100
5732,Grey,100
5733,Grey,100
5734,Grey,100
5950,Hindmarsh,100
6000,Perth,100
6003,Perth,100
6004,Perth,100
6005,Curtin,84.7
6005,Perth,15.3
6006,Curtin,35
6006,Perth,65
6007,Curtin,100
6008,Curtin,100
6009,Curtin,100
6010,Curtin,100
6011,Curtin,100
6012,Curtin,100
6014,Curtin,100
6015,Curtin,100
6016,Curtin,100
6017,Curtin,2.7
6017,Stirling,97.3
6018,Curtin,28.1
6018,Stirling,71.9
6019,Curtin,30.4
6019,Stirling,69.6
6020,Moore,52.8
6020,Stirling,47.2
6021,Stirling,100
6022,Stirling,100
6023,Moore,100
6024,Cowan,100
6025,Moore,100
6026,Cowan,100
6027,Moore,100
6028,Moore,100
6029,Stirling,100
6030,Pearce,100
6031,Cowan,97.5
6031,Pearce,2.5
6032,Pearce,100
6033,Pearce,100
6035,Pearce,100
6036,Pearce,100
6037,Pearce,100
6038,Pearce,100
6041,Pearce,100
6042,Pearce,100
6043,Pearce,100
6044,Pearce,100
6050,Perth,100
6051,Perth,100
6052,Perth,100
6053,Perth,100
6054,Perth,100
6055,Hasluck,77.5
6055,Pearce,22.5
6056,Hasluck,42.6
6056,Pearce,57.4
6057,Hasluck,100
6058,Hasluck,100
6059,Cowan,1.4
6059,Perth,40.3
6059,Stirling,58.3
6060,Curtin,21.1
6060,Perth,1
6060,Stirling,77.9
6061,Stirling,100
6062,Cowan,28.9
6062,Perth,71.1
6063,Perth,100
6064,Cowan,100
6065,Cowan,99.4
6065,Pearce,0.6
6066,Cowan,100
6067,Cowan,100
6069,Pearce,100
6070,Pearce,100
6071,Pearce,100
6072,Pearce,100
6073,Pearce,100
6074,Pearce,100
6076,Hasluck,88.4
6076,Pearce,11.6
6081,Pearce,100
6082,Pearce,100
6083,Pearce,100
6084,Pearce,100
6090,Cowan,100
6100,Swan,100
6101,Swan,100
6102,Swan,100
6103,Swan,100
6104,Swan,100
6105,Swan,100
6107,Hasluck,23.1
6107,Swan,76.9
6108,Canning,26
6108,Hasluck,74
6109,Hasluck,100
6110,Canning,18.7
6110,Hasluck,81.3
6111,Canning,100
6112,Canning,100
6121,Canning,100
6122,Canning,100
6123,Canning,100
6124,Canning,100
6125,Canning,100
6126,Canning,100
6147,Tangney,100
6148,Tangney,100
6149,Tangney,100
6150,Tangney,100
6151,Swan,100
6152,Swan,100
6153,Tangney,100
6154,Tangney,100
6155,Canning,42.4
6155,Tangney,57.6
6156,Fremantle,29
6156,Tangney,71
6157,Fremantle,100
6158,Fremantle,100
6159,Fremantle,100
6160,Fremantle,100
6161,Fremantle,100
6162,Fremantle,100
6163,Fremantle,93
6163,Tangney,7
6164,Fremantle,100
6165,Brand,100
6166,Fremantle,100
6167,Brand,100
6168,Brand,100
6169,Brand,100
6170,Brand,100
6171,Brand,100
6172,Brand,100
6173,Brand,100
6174,Brand,100
6175,Brand,100
6176,Brand,100
6207,Canning,100
6208,Canning,100
6210,Brand,58
6210,Canning,42
6213,Canning,100
6214,Canning,100
6215,Canning,100
6218,Forrest,100
6220,Forrest,100
6221,Forrest,100
6223,Forrest,100
6224,Forrest,100
6225,Forrest,100
6226,Forrest,100
6227,Forrest,100
6228,Forrest,100
6229,Forrest,100
6230,Forrest,100
6232,Forrest,100
6233,Forrest,100
6236,Forrest,100
6237,Forrest,100
6239,Forrest,100
6240,Forrest,100
6243,Forrest,100
6244,O'Connor,100
6251,Forrest,100
6252,Forrest,100
6253,Forrest,100
6254,Forrest,100
6255,Forrest,100
6256,Forrest,100
6258,Forrest,100
6260,Forrest,100
6262,Forrest,100
6271,Forrest,100
6275,Forrest,100
6280,Forrest,100
6281,Forrest,100
6282,Forrest,100
6284,Forrest,100
6285,Forrest,100
6286,Forrest,100
6288,Forrest,100
6290,Forrest,100
6302,Pearce,100
6304,Pearce,100
6306,O'Connor,11.6
6306,Pearce,88.4
6308,Pearce,100
6309,Pearce,100
6311,Pearce,100
6312,Pearce,100
6313,Pearce,100
6315,O'Connor,100
6316,O'Connor,100
6317,O'Connor,100
6318,O'Connor,100
6320,O'Connor,100
6321,O'Connor,100
6322,O'Connor,100
6323,O'Connor,100
6324,O'Connor,100
6326,O'Connor,100
6327,O'Connor,100
6328,O'Connor,100
6330,O'Connor,100
6333,O'Connor,100
6335,O'Connor,100
6336,O'Connor,100
6337,O'Connor,100
6338,O'Connor,100
6341,O'Connor,100
6343,O'Connor,100
6346,O'Connor,100
6348,O'Connor,100
6350,O'Connor,100
6351,O'Connor,100
6352,O'Connor,100
6353,O'Connor,100
6355,O'Connor,100
6356,O'Connor,100
6357,O'Connor,100
6358,O'Connor,100
6359,O'Connor,100
6361,O'Connor,100
6363,O'Connor,100
6365,O'Connor,100
6367,O'Connor,100
6368,O'Connor,100
6369,O'Connor,100
6370,O'Connor,100
6372,O'Connor,100
6373,O'Connor,100
6375,O'Connor,100
6383,O'Connor,100
6384,O'Connor,100
6385,O'Connor,100
6386,O'Connor,100
6390,Pearce,100
6391,Pearce,100
6392,O'Connor,100
6393,O'Connor,100
6394,O'Connor,100
6395,O'Connor,100
6396,O'Connor,100
6397,O'Connor,100
6398,Forrest,100
6401,Pearce,100
6403,Pearce,100
6405,O'Connor,100
6407,O'Connor,100
6409,O'Connor,100
6410,O'Connor,100
6411,O'Connor,100
6412,Kalgoorlie,100
6413,Kalgoorlie,100
6414,Kalgoorlie,100
6415,Kalgoorlie,100
6417,O'Connor,100
6418,O'Connor,100
6419,O'Connor,100
6420,Kalgoorlie,100
6421,Kalgoorlie,100
6422,Kalgoorlie,100
6423,Kalgoorlie,100
6424,Kalgoorlie,100
6425,Kalgoorlie,100
6426,Kalgoorlie,100
6427,Kalgoorlie,100
6428,O'Connor,100
6429,Kalgoorlie,100
6430,Kalgoorlie,100
6432,Kalgoorlie,100
6434,Kalgoorlie,100
6436,Kalgoorlie,100
6437,Kalgoorlie,100
6438,Kalgoorlie,100
6439,Kalgoorlie,100
6440,Kalgoorlie,100
6442,Kalgoorlie,100
6443,Kalgoorlie,100
6444,Kalgoorlie,100
6445,Kalgoorlie,100
6446,Kalgoorlie,100
6447,Kalgoorlie,100
6450,Kalgoorlie,99.1
6450,O'Connor,0.9
6452,Kalgoorlie,100
6460,O'Connor,100
6461,O'Connor,100
6462,O'Connor,100
6463,O'Connor,100
6464,O'Connor,100
6465,O'Connor,100
6466,O'Connor,100
6467,O'Connor,100
6468,O'Connor,100
6470,O'Connor,100
6472,O'Connor,100
6473,O'Connor,100
6475,O'Connor,100
6476,O'Connor,100
6477,O'Connor,100
6479,O'Connor,100
6480,Kalgoorlie,100
6484,Kalgoorlie,100
6485,O'Connor,100
6487,O'Connor,100
6488,O'Connor,100
6489,O'Connor,100
6490,O'Connor,100
6501,Pearce,100
6502,Pearce,100
6503,Pearce,100
6504,Pearce,100
6505,Pearce,100
6506,O'Connor,100
6507,O'Connor,100
6509,O'Connor,100
6510,O'Connor,100
6511,O'Connor,100
6512,O'Connor,100
6513,O'Connor,100
6514,O'Connor,100
6515,O'Connor,100
6516,O'Connor,100
6517,O'Connor,100
6518,O'Connor,100
6519,O'Connor,100
6521,O'Connor,100
6522,O'Connor,100
6525,O'Connor,100
6528,O'Connor,100
6530,O'Connor,100
6532,Kalgoorlie,30.7
6532,O'Connor,69.3
6535,Kalgoorlie,100
6536,Kalgoorlie,100
6537,Kalgoorlie,100
6556,Pearce,100
6558,Pearce,100
6560,Pearce,100
6562,Pearce,100
6564,Pearce,100
6566,Pearce,100
6567,Pearce,100
6568,O'Connor,100
6569,O'Connor,100
6571,O'Connor,100
6572,O'Connor,100
6574,O'Connor,100
6575,O'Connor,100
6603,O'Connor,100
6605,O'Connor,100
6606,O'Connor,100
6608,O'Connor,100
6609,O'Connor,100
6612,Kalgoorlie,100
6613,O'Connor,100
6614,O'Connor,100
6616,O'Connor,100
6618,O'Connor,100
6620,O'Connor,100
6623,O'Connor,100
6625,O'Connor,100
6627,O'Connor,100
6628,Kalgoorlie,100
6630,Kalgoorlie,100
6631,Kalgoorlie,100
6632,Kalgoorlie,100
6635,Kalgoorlie,100
6638,Kalgoorlie,100
6639,Kalgoorlie,100
6640,Kalgoorlie,100
6642,Kalgoorlie,100
6646,Kalgoorlie,100
6701,Kalgoorlie,100
6705,Kalgoorlie,100
6707,Kalgoorlie,100
6710,Kalgoorlie,100
6711,Kalgoorlie,100
6712,Kalgoorlie,100
6713,Kalgoorlie,100
6714,Kalgoorlie,100
6715,Kalgoorlie,100
6716,Kalgoorlie,100
6718,Kalgoorlie,100
6720,Kalgoorlie,100
6721,Kalgoorlie,100
6722,Kalgoorlie,100
6723,Kalgoorlie,100
6725,Kalgoorlie,100
6726,Kalgoorlie,100
6728,Kalgoorlie,100
6731,Kalgoorlie,100
6733,Kalgoorlie,100
6740,Kalgoorlie,100
6743,Kalgoorlie,100
6751,Kalgoorlie,100
6753,Kalgoorlie,100
6754,Kalgoorlie,100
6758,Kalgoorlie,100
6760,Kalgoorlie,100
6761,Kalgoorlie,100
6762,Kalgoorlie,100
6765,Kalgoorlie,100
6770,Kalgoorlie,100
6798,Lingiari,100
6799,Lingiari,100
7000,Denison,100
7004,Denison,100
7005,Denison,100
7007,Denison,100
7008,Denison,100
7009,Denison,100
7010,Denison,100
7011,Denison,100
7012,Denison,100
7015,Franklin,100
7016,Franklin,100
7017,Franklin,72
7017,Lyons,28
7018,Franklin,100
7019,Franklin,100
7020,Franklin,100
7021,Franklin,100
7022,Franklin,100
7023,Franklin,100
7024,Franklin,100
7025,Lyons,100
7026,Lyons,100
7027,Lyons,100
7030,Denison,5.3
7030,Franklin,48.7
7030,Lyons,46
7050,Denison,2.6
7050,Franklin,97.4
7052,Franklin,100
7053,Denison,87.6
7053,Franklin,12.4
7054,Denison,14.1
7054,Franklin,85.9
7055,Franklin,100
7109,Franklin,100
7112,Franklin,100
7113,Franklin,100
7116,Franklin,100
7117,Franklin,100
7119,Lyons,100
7120,Lyons,100
7139,Lyons,100
7140,Lyons,100
7150,Franklin,100
7155,Franklin,100
7162,Franklin,100
7163,Franklin,100
7170,Franklin,100
7171,Lyons,100
7172,Lyons,100
7173,Lyons,100
7174,Lyons,100
7175,Lyons,100
7176,Lyons,100
7177,Lyons,100
7178,Lyons,100
7179,Lyons,100
7180,Lyons,100
7182,Lyons,100
7183,Lyons,100
7184,Lyons,100
7185,Lyons,100
7186,Lyons,100
7187,Lyons,100
7190,Lyons,100
7209,Lyons,100
7210,Lyons,100
7211,Lyons,100
7212,Bass,12.5
7212,Lyons,87.5
7213,Lyons,100
7214,Lyons,100
7215,Lyons,100
7216,Lyons,100
7248,Bass,100
7249,Bass,100
7250,Bass,100
7252,Bass,100
7253,Bass,100
7254,Bass,100
7255,Bass,100
7256,Braddon,100
7257,Bass,100
7258,Bass,77.3
7258,Lyons,22.7
7259,Bass,100
7260,Bass,100
7261,Bass,100
7262,Bass,100
7263,Bass,100
7264,Bass,68.8
7264,Lyons,31.2
7265,Bass,100
7267,Bass,100
7268,Bass,100
7270,Lyons,100
7275,Lyons,100
7276,Lyons,100
7277,Bass,56.3
7277,Lyons,43.7
7290,Lyons,100
7291,Lyons,100
7292,Lyons,100
7300,Lyons,100
7301,Lyons,100
7302,Lyons,100
7303,Lyons,100
7304,Lyons,100
7305,Lyons,100
7306,Lyons,100
7307,Braddon,100
7310,Braddon,97.2
7310,Lyons,2.8
7315,Braddon,100
7316,Braddon,100
7320,Braddon,100
7321,Braddon,93.5
7321,Lyons,6.5
7322,Braddon,100
7325,Braddon,100
7330,Braddon,100
7331,Braddon,100
7466,Lyons,100
7467,Lyons,100
7468,Lyons,100
7469,Lyons,100
7470,Lyons,100